STM0001	417
STM0002	7855
STM0003	2492
STM0004	3759
STM0005	2611
STM0006	4721
STM0007	3549
STM0008	1748
STM0009	1867
STM0010	2317
STM0011	1638
STM0012	6109
STM0013	3740
STM0014	3326
STM0015	1182
STM0016	1411
STM0017	1422
STM0018	6676
STM0019	9801
STM0020	2276
STM0021	2211
STM0022	2174
STM0023	8049
STM0024	2679
STM0025	1282
STM0026	1137
STM0027	1967
STM0028	2808
STM0029	1792
STM0030	3432
STM0031	1401
STM0032	5310
STM0033	4932
STM0034	2677
STM0035	5334
STM0036	3698
STM0037	3799
STM0038	5538
STM0039	3847
STM0040	2771
STM0041	5786
STM0042	4470
STM0043	1096
STM0044	465
STM0045	2647
STM0046	8700
STM0047	1543
STM0048	1403
STM0049	3268
STM0050	3555
STM0051	2701
STM0052	1811
STM0053	4898
STM0054	4217
STM0055	4220
STM0056	1175
STM0057	4721
STM0058	3398
STM0059	549
STM0060	2208
STM0061	4419
STM0062	1378
STM0063	2649
STM0064	3066
STM0065	1331
STM0066	3813
STM0067	10567
STM0068	1784
STM0069	2008
STM0070	2628
STM0071	4611
STM0072	4179
STM0073	3729
STM0074	4984
STM0075	2844
STM0076	2675
STM0077	3596
STM0078	830
STM0079	4503
STM0080	1002
STM0081	1685
STM0082	1390
STM0083	1090
STM0084	6777
STM0085	1648
STM0086	6340
STM0087	2243
STM0088	2833
STM0089	752
STM0090	1849
STM0091	2819
STM0092	3483
STM0093	7460
STM0094	2792
STM0095	2127
STM0096	9690
STM0097	9120
STM0098	1966
STM0099	1982
STM0100	1297
STM0101	2296
STM0102	4519
STM0103	6337
STM0104	3140
STM0105	2481
STM0106	2346
STM0107	4488
STM0108	3135
STM0109	6210
STM0110	2020
STM0111	4193
STM0112	2789
STM0113	5024
STM0114	1024
STM0115	3724
STM0116	5609
STM0117	1688
STM0118	4244
STM0119	1376
STM0120	2613
STM0121	677
STM0122	5375
STM0123	4193
STM0124	4219
STM0125	2830
STM0126	3668
STM0127	3575
STM0128	3332
STM0129	4894
STM0130	1832
STM0131	2107
STM0132	4217
STM0133	3409
STM0134	3283
STM0135	1463
STM0136	9257
STM0137	1834
STM0138	609
STM0139	2060
STM0140	1964
STM0141	3204
STM0142	3532
STM0143	3904
STM0144	1450
STM0145	3017
STM0146	1352
STM0147	2517
STM0148	2974
STM0149	4767
STM0150	5055
STM0151	3635
STM0152	8289
STM0153	5584
STM0154	4986
STM0155	1007
STM0156	2244
STM0157	5352
STM0158	8375
STM0159	0
STM0160	1470
STM0161	2876
STM0162	3374
STM0163	2743
STM0164	2086
STM0165	2425
STM0166	2825
STM0167	1362
STM0168	5648
STM0169	8131
STM0170	1922
STM0171	2176
STM0172	2583
STM0173	2365
STM0174	2092
STM0175	7867
STM0176	2031
STM0177	2008
STM0178	1492
STM0179	3466
STM0180	1161
STM0181	2960
STM0182	2499
STM0183	1170
STM0184	4140
STM0185	3098
STM0186	1400
STM0187	2315
STM0188	1478
STM0189	8330
STM0190	8812
STM0191	6766
STM0192	2570
STM0193	2497
STM0194	6594
STM0195	0
STM0196	0
STM0197	0
STM0198	0
STM0199	0
STM0200	0
STM0201	0
STM0202	4512
STM0203	5011
STM0204	1194
STM0205	1992
STM0206	2060
STM0207	1970
STM0208	4883
STM0209	5023
STM0210	4037
STM0211	1594
STM0212	4267
STM0213	2315
STM0214	8773
STM0215	3331
STM0216	2635
STM0217	3142
STM0218	2899
STM0219	2270
STM0220	4269
STM0221	2455
STM0222	2384
STM0223	3917
STM0224	7634
STM0225	1416
STM0226	3042
STM0227	1253
STM0228	2119
STM0229	3195
STM0230	1538
STM0231	10273
STM0232	3491
STM0233	5951
STM0234	6949
STM0235	1145
STM0236	4539
STM0237	550
STM0238	598
STM0239	1868
STM0240	1401
STM0242	5815
STM0243	2323
STM0244	1309
STM0245	2554
STM0246	1771
STM0247	3230
STM0248	2204
STM0249	9241
STM0250	672
STM0251	1000
STM0252	9145
STM0253	66
STM0254	479
STM0255	2531
STM0256	2870
STM0257	4254
STM0258	2611
STM0259	2751
STM0260	4671
STM0261	2280
STM0262	1907
STM0263	1233
STM0264	2452
STM0265	659
STM0266	3829
STM0267	2945
STM0268	5570
STM0269	1109
STM0270	2112
STM0271	2942
STM0272	9211
STM0273	2003
STM0274	4670
STM0274A	436
STM0275	1420
STM0276	2206
STM0277	1433
STM0278	958
STM0279	1800
STM0280	1304
STM0281	3665
STM0282	3660
STM0283	2433
STM0284	1249
STM0285	12202
STM0286	2300
STM0287	967
STM0288	1681
STM0289	11193
STM0290	0
STM0291	0
STM0292	1
STM0293	0
STM0294	0
STM0295	1305
STM0296	907
STM0297	1353
STM0298	1286
STM0299	1785
STM0300	2151
STM0301	7796
STM0302	1380
STM0303	3072
STM0304	3389
STM0305	1116
STM0306	2085
STM0307	1728
STM0308	2874
STM0309	8226
STM0310	2290
STM0311	2242
STM0312	2302
STM0313	3713
STM0315	2694
STM0316	5221
STM0317	1790
STM0318	3796
STM0319	1039
STM0320	3916
STM0321	3656
STM0322	4157
STM0323	522
STM0324	2
STM0325	0
STM0327	0
STM0328	0
STM0329	0
STM0330	0
STM0331	0
STM0332	0
STM0333	0
STM0334	0
STM0335	715
STM0336	1887
STM0337	4873
STM0338	8304
STM0339	1912
STM0340	1814
STM0341	2251
STM0342	850
STM0343	5348
STM0344	1948
STM0345	1321
STM0346	1995
STM0347	1832
STM0348	391
STM0349	1045
STM0350	4512
STM0351	9196
STM0352	3967
STM0353	7593
STM0354	1386
STM0355	960
STM0356	4221
STM0357	6080
STM0358	9296
STM0359	599
STM0360	3995
STM0361	2882
STM0362	415
STM0363	3553
STM0364	6338
STM0365	2311
STM0366	1327
STM0367	5803
STM0368	3163
STM0369	3568
STM0370	4549
STM0371	6145
STM0372	3692
STM0373	4382
STM0374	1916
STM0375	3852
STM0376	3763
STM0377	3153
STM0378	1027
STM0379	801
STM0380	3273
STM0381	2398
STM0382	4176
STM0383	1144
STM0384	1311
STM0385	3306
STM0386	2668
STM0387	1617
STM0388	1809
STM0389	627
STM0390	2309
STM0391	671
STM0392	2727
STM0393	2882
STM0394	3963
STM0395	10304
STM0396	3691
STM0397	2655
STM0398	4226
STM0399	4571
STM0400	4596
STM0401	6465
STM0402	2104
STM0403	2345
STM0404	3527
STM0405	3539
STM0406	682
STM0407	5655
STM0408	2994
STM0409	0
STM0410	0
STM0411	1394
STM0412	1305
STM0413	3285
STM0414	2282
STM0415	1275
STM0416	3294
STM0417	1256
STM0418	1098
STM0419	2682
STM0420	1383
STM0421	3652
STM0422	5798
STM0423	2563
STM0424	749
STM0425	4384
STM0426	2144
STM0427	2399
STM0428	3314
STM0429	3312
STM0430	2735
STM0431	3504
STM0432	2281
STM0433	1562
STM0434	2581
STM0435	1575
STM0436	4282
STM0436A	814
STM0437	4717
STM0438	3870
STM0439	2353
STM0440	515
STM0441	1381
STM0442	5661
STM0443	3171
STM0444	4637
STM0445	2114
STM0446	1538
STM0447	4643
STM0448	2167
STM0449	4321
STM0450	7828
STM0451	1328
STM0452	6253
STM0453	1676
STM0454	1373
STM0455	2305
STM0456	5610
STM0457	2614
STM0458	3144
STM0459	1264
STM0460	5356
STM0461	6018
STM0462	1032
STM0463	3993
STM0464	3077
STM0465	1985
STM0466	1234
STM0467	202
STM0468	4421
STM0469	747
STM0470	173
STM0471	1423
STM0472	1767
STM0473	683
STM0474	1108
STM0475	9854
STM0476	3670
STM0477	2343
STM0478	10230
STM0479	2712
STM0480	316
STM0481	1408
STM0482	1392
STM0483	1919
STM0484	6356
STM0485	713
STM0486	1881
STM0487	6387
STM0488	2665
STM0489	3099
STM0490	3156
STM0491	4188
STM0492	5555
STM0493	4234
STM0494	5346
STM0495	1889
STM0496	2798
STM0497	2544
STM0498	8163
STM0499	1064
STM0500	863
STM0501	2733
STM0502	1816
STM0503	2184
STM0504	2896
STM0505	2725
STM0506	1692
STM0507	1746
STM0508	7646
STM0509	3769
STM0510	2593
STM0511	2738
STM0512	1682
STM0513	3521
STM0514	172
STM0515	0
STM0516	0
STM0517	0
STM0518	0
STM0519	0
STM0520	0
STM0521	0
STM0522	0
STM0523	0
STM0524	0
STM0525	5
STM0526	0
STM0527	0
STM0528	0
STM0529	0
STM0530	0
STM0531	0
STM0532	0
STM0533	3253
STM0534	1524
STM0535	1938
STM0536	1409
STM0537	4323
STM0538	2136
STM0539	837
STM0540	1725
STM0541	709
STM0542	2601
STM0543	1864
STM0544	1577
STM0545	1620
STM0546	8058
STM0547	2870
STM0548	1408
STM0549	1961
STM0550	2307
STM0551	1024
STM0552	2304
STM0553	81
STM0554	76
STM0556	0
STM0557	0
STM0558	0
STM0559	0
STM0561	0
STM0562	375
STM0563	3086
STM0564	3996
STM0565	731
STM0566	1613
STM0567	3805
STM0568	4215
STM0569	3729
STM0570	6181
STM0571	0
STM0572	0
STM0573	0
STM0574	0
STM0575	0
STM0576	0
STM0577	588
STM0578	2249
STM0579	868
STM0580	1038
STM0581	1141
STM0582	663
STM0583	3300
STM0584	1820
STM0585	6815
STM0586	3352
STM0587	274
STM0588	12032
STM0589	3661
STM0590	2439
STM0591	2613
STM0592	2986
STM0593	3522
STM0594	3489
STM0595	3691
STM0596	4660
STM0597	2041
STM0598	1901
STM0599	1187
STM0600	6723
STM0601	488
STM0602	3453
STM0603	3618
STM0604	1407
STM0605	3523
STM0606	3020
STM0607	2706
STM0608	2255
STM0609	5569
STM0610	1619
STM0611	6488
STM0612	1110
STM0613	1950
STM0614	1502
STM0615	4149
STM0616	1646
STM0617	2839
STM0618	4404
STM0619	2315
STM0620	1176
STM0621	4464
STM0622	2203
STM0623	407
STM0624	3286
STM0625	4579
STM0626	1593
STM0627	4391
STM0628	2161
STM0629	783
STM0630	1102
STM0631	2386
STM0632	865
STM0633	3437
STM0634	3429
STM0635	2276
STM0636	1068
STM0637	4154
STM0638	3362
STM0639	2830
STM0640	5504
STM0641	1021
STM0642	1158
STM0643	2189
STM0644	3401
STM0645	1544
STM0646	2707
STM0647	1373
STM0648	8144
STM0649	1088
STM0650	3035
STM0651	2701
STM0652	5849
STM0653	1487
STM0654	0
STM0655	0
STM0656	0
STM0657	0
STM0658	0
STM0659	0
STM0660	0
STM0661	3133
STM0662	2136
STM0663	1430
STM0664	2163
STM0665	3115
STM0666	4801
STM0667	2855
STM0668	1515
STM0669	3067
STM0670	4674
STM0671	4307
STM0672	0
STM0673	366
STM0674	49
STM0675	8
STM0676	15
STM0677	9
STM0678	1
STM0679	255
STM0680	5748
STM0681	2617
STM0682	3525
STM0683	3751
STM0684	2964
STM0685	6864
STM0686	5965
STM0687	4547
STM0688	875
STM0689	3736
STM0690	3207
STM0691	4018
STM0692	3615
STM0693	2027
STM0694	1815
STM0695	1265
STM0696	2783
STM0697	1862
STM0698	5463
STM0699	1486
STM0700	3879
STM0701	6762
STM0702	2205
STM0703	8213
STM0704	1380
STM0705	6479
STM0706	4920
STM0707	7
STM0708	887
STM0709	4577
STM0710	4402
STM0711	2239
STM0712	1683
STM0713	2440
STM0714	2254
STM0715	533
STM0716	1858
STM0717	1051
STM0718	2432
STM0719	3301
STM0720	2167
STM0721	3248
STM0722	2094
STM0723	1963
STM0724	5445
STM0725	2707
STM0726	5606
STM0727	299
STM0728	2299
STM0729	3432
STM0730	3793
STM0731	822
STM0732	1489
STM0733	495
STM0734	5123
STM0735	2279
STM0736	8357
STM0737	3920
STM0738	3711
STM0739	2941
STM0740	5100
STM0741	2946
STM0742	352
STM0743	1166
STM0744	1086
STM0745	1576
STM0746	939
STM0747	3555
STM0748	3667
STM0749	1243
STM0750	2600
STM0751	692
STM0752	244
STM0753	4
STM0754	356
STM0755	637
STM0756	3088
STM0757	1852
STM0758	2681
STM0759	1486
STM0760	3729
STM0761	0
STM0762	0
STM0763	0
STM0764	0
STM0765	0
STM0766	386
STM0768	1755
STM0769	0
STM0770	3232
STM0771	2130
STM0772	2530
STM0773	3238
STM0774	3024
STM0775	2852
STM0776	3471
STM0777	3293
STM0778	4584
STM0779	2478
STM0780	680
STM0781	2306
STM0782	1556
STM0783	2675
STM0784	2509
STM0785	3467
STM0786	4170
STM0787	3707
STM0788	2794
STM0789	2536
STM0791	5631
STM0792	1483
STM0793	3803
STM0794	2700
STM0795	3052
STM0796	1687
STM0797	2111
STM0798	7031
STM0799	502
STM0800	6330
STM0801	2829
STM0802	3158
STM0803	1145
STM0804	873
STM0805	241
STM0806	1129
STM0807	2276
STM0808	2054
STM0809	432
STM0810	483
STM0811	2091
STM0812	3227
STM0813	2057
STM0814	1239
STM0815	2940
STM0816	3099
STM0817	4606
STM0818	2698
STM0819	2104
STM0820	4290
STM0821	6485
STM0822	2997
STM0823	1168
STM0825	1324
STM0826	2832
STM0827	6506
STM0828	2033
STM0829	1908
STM0830	2591
STM0831	2142
STM0832	3198
STM0833	2125
STM0834	5278
STM0835	1542
STM0836	2908
STM0837	2827
STM0838	4488
STM0839	0
STM0840	103
STM0841	4079
STM0842	2579
STM0843	7251
STM0844	2621
STM0845	2128
STM0846	4110
STM0847	2898
STM0848	5357
STM0849	4154
STM0850	2813
STM0851	2782
STM0852	4110
STM0853	1534
STM0854	1263
STM0855	1958
STM0856	2608
STM0857	3745
STM0858	4534
STM0859	2516
STM0860	1644
STM0861	1992
STM0862	1686
STM0863	3618
STM0864	2216
STM0865	1949
STM0866	3954
STM0867	2117
STM0868	3719
STM0869	2485
STM0870	5568
STM0871	1181
STM0872	859
STM0873	757
STM0874	1772
STM0875	2887
STM0876	1767
STM0877	3662
STM0878	3233
STM0879	2408
STM0880	2452
STM0881	1288
STM0882	3361
STM0884	3931
STM0885	572
STM0886	4315
STM0887	2669
STM0888	2139
STM0889	1769
STM0890	1749
STM0891	2389
STM0892	1985
STM0893	0
STM0894	0
STM0895	0
STM0896	0
STM0897	0
STM0898	0
STM0898A	0
STM0899	0
STM0900	0
STM0901	0
STM0902	0
STM0903	0
STM0904	0
STM0905	0
STM0906	0
STM0907	886
STM0908	649
STM0909	669
STM0910	1835
STM0911	0
STM0912	0
STM0913	0
STM0914	0
STM0915	0
STM0916	0
STM0917	0
STM0918	0
STM0919	0
STM0920	0
STM0921	0
STM0922	0
STM0923	0
STM0924	0
STM0925	0
STM0926	1644
STM0927	0
STM0928	0
STM0929	0
STM0930	962
STM0931	2137
STM0932	3039
STM0933	4524
STM0934	2885
STM0935	5543
STM0936	2918
STM0937	4951
STM0938	2876
STM0939	5080
STM0940	2773
STM0941	3268
STM0942	5810
STM0943	1008
STM0944	1032
STM0945	7497
STM0946	1644
STM0947	9960
STM0948	5985
STM0949	368
STM0950	2164
STM0951	2420
STM0952	2869
STM0953	325
STM0954	423
STM0955	1742
STM0956	4666
STM0957	5148
STM0958	3423
STM0959	2060
STM0960	12710
STM0961	1881
STM0962	4078
STM0963	4560
STM0964	8044
STM0965	1655
STM0966	2624
STM0968	4130
STM0969	4549
STM0970	2672
STM0971	1162
STM0972	2922
STM0973	6948
STM0974	2853
STM0975	5849
STM0976	2468
STM0977	3536
STM0978	4109
STM0979	2495
STM0980	2653
STM0981	5033
STM0982	1582
STM0983	7461
STM0984	4940
STM0985	2995
STM0986	4034
STM0987	193
STM0988	2650
STM0989	2942
STM0990	1901
STM0991	2446
STM0992	3440
STM0993	1670
STM0994	14813
STM0995	6840
STM0996	1627
STM0997	1984
STM0998	3694
STM0999	3985
STM1000	5085
STM1001	1723
STM1002	3848
STM1003	4540
STM1004	4480
STM1005	3552
STM1006	589
STM1007	336
STM1008	0
STM1009	0
STM1010	0
STM1011	84
STM1012	0
STM1013	619
STM1014	1463
STM1015	893
STM1016	321
STM1017	375
STM1018	0
STM1019	523
STM1020	693
STM1021	1561
STM1022	0
STM1023	0
STM1024	493
STM1025	0
STM1026	0
STM1027	0
STM1028	0
STM1029	293
STM1030	0
STM1031	0
STM1032	0
STM1033	0
STM1034	0
STM1035	0
STM1036	0
STM1037	0
STM1038	0
STM1039	0
STM1040	0
STM1041	0
STM1042	0
STM1043	0
STM1044	0
STM1045	0
STM1046	0
STM1047	2
STM1048	0
STM1049	1344
STM1050	0
STM1051	0
STM1053	2168
STM1054	574
STM1055	2000
STM1056	933
STM1057	8564
STM1058	3436
STM1059	1669
STM1060	3270
STM1061	6249
STM1062	5446
STM1063	3325
STM1064	4352
STM1065	1638
STM1066	945
STM1067	1681
STM1068	5730
STM1069	1634
STM1070	3718
STM1071	2216
STM1072	1458
STM1073	6465
STM1074	1258
STM1075	6072
STM1076	1296
STM1077	2133
STM1078	1411
STM1079	845
STM1080	3736
STM1081	1703
STM1082	1961
STM1083	456
STM1084	921
STM1085	1987
STM1086	637
STM1087	1498
STM1088	2901
STM1089	1543
STM1090	653
STM1091	5069
STM1092	526
STM1093	185
STM1094	4533
STM1095	4119
STM1096	1909
STM1097	1275
STM1098	1534
STM1099	4863
STM1100	1820
STM1101	3882
STM1102	4387
STM1103	2254
STM1104	1078
STM1105	2497
STM1106	2414
STM1107	4052
STM1108	2301
STM1109	2791
STM1110	1552
STM1111	1050
STM1112	2927
STM1113	1409
STM1114	5411
STM1115	1340
STM1116	1349
STM1117	3838
STM1118	434
STM1119	1919
STM1121	871
STM1122	1963
STM1123	955
STM1124	12945
STM1125	4961
STM1126	3096
STM1127	2921
STM1128	5063
STM1129	2618
STM1130	3339
STM1131	2147
STM1132	3719
STM1133	3395
STM1134	863
STM1135	3282
STM1136	2143
STM1137	1699
STM1138	1459
STM1139	2121
STM1140	959
STM1141	822
STM1142	1844
STM1143	1632
STM1144	1126
STM1145	1106
STM1146	911
STM1147	1390
STM1148	3911
STM1149	3557
STM1150	4946
STM1151	7107
STM1152	495
STM1153	961
STM1154	3941
STM1155	3084
STM1156	3355
STM1157	1566
STM1158	1687
STM1159	422
STM1160	3771
STM1161	1031
STM1162	988
STM1163	3311
STM1164	1734
STM1165	2244
STM1166	4111
STM1167	1788
STM1168	1718
STM1169	3100
STM1170	5082
STM1171	1192
STM1172	761
STM1173	2646
STM1174	1250
STM1175	823
STM1176	1842
STM1177	3380
STM1178	2469
STM1179	2167
STM1180	1991
STM1181	3020
STM1182	2630
STM1183	4934
STM1184	2870
STM1185	10467
STM1187	3697
STM1188	2712
STM1189	2274
STM1190	1768
STM1191	676
STM1192	3413
STM1193	2779
STM1194	2560
STM1195	2267
STM1196	1105
STM1197	4323
STM1198	1201
STM1199	2727
STM1200	1626
STM1201	2809
STM1202	2410
STM1203	4648
STM1204	7304
STM1205	1029
STM1206	727
STM1207	1352
STM1208	1927
STM1209	2601
STM1210	1828
STM1211	4907
STM1212	2128
STM1213	2262
STM1214	1133
STM1215	3119
STM1216	11272
STM1217	4122
STM1218	1715
STM1219	3266
STM1220	2432
STM1221	2524
STM1222	2975
STM1223	2512
STM1224	3253
STM1225	2391
STM1226	3563
STM1227	3829
STM1228	3693
STM1229	3309
STM1230	4137
STM1231	1919
STM1232	3798
STM1233	1889
STM1234	3131
STM1235	915
STM1236	569
STM1237	1515
STM1238	4115
STM1239	3691
STM1240	0
STM1241	1185
STM1242	1909
STM1243	946
STM1244	1154
STM1246	1991
STM1247	612
STM1249	1530
STM1250	1415
STM1251	1846
STM1252	3202
STM1253	1747
STM1254	1341
STM1255	4881
STM1256	2217
STM1257	2033
STM1258	1887
STM1259	1712
STM1260	3623
STM1261	1013
STM1262	94
STM1263	2049
STM1264	2677
STM1265	1907
STM1266	2699
STM1267	979
STM1268	450
STM1269	1877
STM1270	2311
STM1271	1005
STM1272	497
STM1273	2196
STM1274	1222
STM1275	929
STM1276	683
STM1277	871
STM1278	3851
STM1279	2275
STM1280	1282
STM1281	334
STM1282	1204
STM1283	4292
STM1284	4099
STM1285	5783
STM1286	2517
STM1287	3681
STM1288	2982
STM1289	3200
STM1290	3457
STM1291	1353
STM1292	977
STM1293	1959
STM1294	3324
STM1295	5937
STM1296	1906
STM1297	3318
STM1298	5399
STM1299	4419
STM1300	642
STM1301	898
STM1302	2781
STM1303	3844
STM1304	2659
STM1305	4027
STM1306	3600
STM1307	2852
STM1308	1596
STM1309	2867
STM1310	2823
STM1311	1450
STM1312	1158
STM1313	3579
STM1314	722
STM1315	2321
STM1316	3854
STM1317	1992
STM1318	6389
STM1319	2336
STM1320	4664
STM1321	2141
STM1322	2498
STM1323	1640
STM1324	2564
STM1325	1037
STM1326	2886
STM1327	2236
STM1328	2913
STM1329	822
STM1330	2405
STM1331	120
STM1332	0
STM1333	5820
STM1334	1364
STM1335	587
STM1336	1495
STM1337	2903
STM1338	6248
STM1339	869
STM1340	3020
STM1341	1459
STM1342	1952
STM1343	1750
STM1344	2259
STM1345	4104
STM1346	520
STM1347	3438
STM1348	2736
STM1349	7822
STM1350	4999
STM1351	695
STM1352	3582
STM1353	2369
STM1354	2310
STM1355	2738
STM1356	3167
STM1357	4811
STM1358	2247
STM1359	2552
STM1360	3947
STM1361	3956
STM1362	1415
STM1363	688
STM1364	3799
STM1365	9718
STM1366	879
STM1367	860
STM1368	4544
STM1369	1241
STM1370	3993
STM1371	1903
STM1372	3604
STM1373	3652
STM1374	1474
STM1375	3659
STM1376	0
STM1377	1247
STM1378	4893
STM1379	4081
STM1380	2224
STM1381	1894
STM1382	3700
STM1383	9270
STM1384	3004
STM1385	2364
STM1386	5666
STM1387	1589
STM1388	866
STM1389	3467
STM1390	2933
STM1391	1888
STM1392	8097
STM1393	1218
STM1394	3783
STM1395	3154
STM1396	819
STM1397	1001
STM1398	1293
STM1399	945
STM1400	3965
STM1401	1411
STM1402	976
STM1403	991
STM1404	1821
STM1405	1753
STM1406	496
STM1407	400
STM1408	306
STM1409	1816
STM1410	1239
STM1411	1447
STM1412	2508
STM1413	731
STM1414	5325
STM1415	3302
STM1416	587
STM1417	501
STM1418	2547
STM1419	1635
STM1420	296
STM1421	1743
STM1422	2981
STM1423	226
STM1424	246
STM1425	4477
STM1426	2004
STM1427	3326
STM1428	3884
STM1429	2578
STM1430	3635
STM1431	2076
STM1432	3128
STM1433	1412
STM1434	2323
STM1435	1319
STM1436	3522
STM1437	1712
STM1438	682
STM1439	2644
STM1440	1304
STM1441	5603
STM1442	2059
STM1443	683
STM1444	1495
STM1445	1504
STM1446	3741
STM1447	1018
STM1448	1983
STM1449	3926
STM1450	2600
STM1451	1556
STM1452	4719
STM1453	1975
STM1454	1559
STM1455	1405
STM1456	2714
STM1457	5804
STM1458	1363
STM1459	1557
STM1460	1378
STM1461	809
STM1462	3593
STM1463	3412
STM1466	5080
STM1467	3832
STM1468	4990
STM1469	4223
STM1470	2476
STM1471	4152
STM1472	5434
STM1473	3607
STM1475	2619
STM1476	1209
STM1477	4369
STM1478	3305
STM1479	4916
STM1480	4280
STM1481	3106
STM1482	1112
STM1483	670
STM1484	2880
STM1485	1442
STM1486	4348
STM1487	2988
STM1488	4030
STM1489	1753
STM1490	3697
STM1491	3421
STM1492	1699
STM1493	2237
STM1494	2217
STM1495	1911
STM1496	2304
STM1497	1368
STM1498	7296
STM1499	7301
STM1500	1227
STM1501	2108
STM1502	1426
STM1503	1043
STM1504	1250
STM1505	3585
STM1506	2924
STM1507	3131
STM1508	4923
STM1509	882
STM1510	2357
STM1511	2561
STM1512	6725
STM1513	860
STM1514	2054
STM1515	1504
STM1516	4158
STM1517	3367
STM1518	714
STM1519	759
STM1520	1412
STM1521	1750
STM1522	3683
STM1523	2907
STM1524	4512
STM1525	2436
STM1526	1137
STM1527	2897
STM1528	811
STM1529	535
STM1530	3889
STM1531	1046
STM1532	2265
STM1533	2578
STM1534	735
STM1535	470
STM1536	1490
STM1537	1751
STM1538	4736
STM1539	3399
STM1540	3478
STM1541	2216
STM1542	2901
STM1543	3637
STM1544	4934
STM1545	3423
STM1546	4049
STM1547	1608
STM1548	3166
STM1549	957
STM1550	798
STM1551	613
STM1552	0
STM1554	552
STM1555	3589
STM1556	4201
STM1557	3456
STM1558	6309
STM1559	7194
STM1560	4790
STM1561	2721
STM1562	1296
STM1563	1872
STM1564	939
STM1565	703
STM1566	5629
STM1567	3402
STM1568	1470
STM1569	2343
STM1570	9096
STM1571	2997
STM1572	3583
STM1573	1221
STM1574	4338
STM1575	2082
STM1576	4445
STM1577	10701
STM1578	4359
STM1579	1652
STM1580	1618
STM1581	2596
STM1582	2646
STM1583	2249
STM1584	4749
STM1585	824
STM1586	3419
STM1587	6432
STM1588	1965
STM1589	3728
STM1590	1431
STM1591	965
STM1592	772
STM1593	3707
STM1594	8545
STM1595	6406
STM1596	965
STM1597	4497
STM1598	4539
STM1599	2627
STM1600	673
STM1601	1207
STM1602	3197
STM1603	729
STM1604	5714
STM1605	1780
STM1606	3384
STM1607	1952
STM1608	1687
STM1609	2810
STM1610	2696
STM1611	1497
STM1612	3157
STM1613	395
STM1614	3336
STM1615	2316
STM1616	1332
STM1617	1613
STM1618	2075
STM1619	980
STM1620	3246
STM1621	1636
STM1622	5595
STM1623	5079
STM1624	4261
STM1625	2885
STM1626	4739
STM1627	3327
STM1628	957
STM1629	1630
STM1630	2358
STM1631	3857
STM1632	1257
STM1633	2180
STM1634	1484
STM1635	1752
STM1636	1999
STM1637	4841
STM1638	1702
STM1639	1861
STM1640	2332
STM1641	11484
STM1642	1844
STM1643	1172
STM1644	885
STM1645	99
STM1646	7914
STM1647	3097
STM1648	1123
STM1649	242
STM1650	602
STM1651	10828
STM1652	1347
STM1653	1087
STM1654	2930
STM1655	4252
STM1656	3100
STM1657	3828
STM1658	1988
STM1659	1828
STM1660	2711
STM1661	3050
STM1662	898
STM1663	3263
STM1664	1585
STM1665	1994
STM1667	1904
STM1668	705
STM1669	5682
STM1670	2743
STM1671	2632
STM1672	3405
STM1673	1017
STM1674	1945
STM1675	2102
STM1676	2816
STM1677	2778
STM1678	2982
STM1679	5412
STM1680	2179
STM1681	2907
STM1682	1532
STM1683	4830
STM1684	3018
STM1685	4245
STM1686	1046
STM1687	448
STM1688	635
STM1689	370
STM1690	2068
STM1691	3277
STM1692	4582
STM1693	2507
STM1694	2010
STM1695	2469
STM1696	2327
STM1697	1935
STM1698	3833
STM1698A	71
STM1699	627
STM1700	3096
STM1701	3091
STM1702	6924
STM1703	6217
STM1704	2625
STM1705	1065
STM1706	850
STM1707	2282
STM1708	3319
STM1709	761
STM1710	2722
STM1711	1901
STM1712	8703
STM1713	3818
STM1714	8120
STM1715	885
STM1716	3448
STM1717	2439
STM1718	1714
STM1719	2981
STM1720	1630
STM1721	2608
STM1722	313
STM1723	4746
STM1724	4104
STM1725	3503
STM1726	3019
STM1727	2358
STM1728	849
STM1729	1507
STM1730	1226
STM1731	2721
STM1732	2361
STM1733	1335
STM1734	2189
STM1735	1798
STM1736	1341
STM1737	2609
STM1738	1445
STM1739	3996
STM1740	803
STM1741	2180
STM1742	2676
STM1743	2716
STM1744	2232
STM1745	2744
STM1746	4540
STM1747	658
STM1748	2539
STM1749	8312
STM1750	2338
STM1751	1841
STM1752	3099
STM1753	3291
STM1754	2835
STM1755	1289
STM1756	2709
STM1757	342
STM1758	175
STM1759	265
STM1760	0
STM1761	1751
STM1762	1651
STM1763	3883
STM1764	10870
STM1765	4507
STM1766	5349
STM1767	1503
STM1768	4482
STM1769	1508
STM1770	1017
STM1771	3728
STM1772	2421
STM1773	1993
STM1774	682
STM1775	1823
STM1776	3469
STM1777	4081
STM1778	1976
STM1779	2402
STM1780	3453
STM1781	5246
STM1782	1001
STM1783	2303
STM1784	3484
STM1785	4134
STM1786	3460
STM1787	4994
STM1788	1635
STM1789	1251
STM1790	802
STM1791	2547
STM1792	4376
STM1793	2779
STM1794	275
STM1795	4425
STM1796	5227
STM1797	954
STM1798	2177
STM1799	2005
STM1800	3371
STM1801	5159
STM1802	3107
STM1803	4143
STM1804	4621
STM1805	2167
STM1806	4995
STM1807	1920
STM1808	1042
STM1809	754
STM1810	839
STM1811	1639
STM1812	1926
STM1813	925
STM1814	1877
STM1815	1992
STM1816	663
STM1817	3365
STM1818	4898
STM1819	1875
STM1820	2212
STM1821	5763
STM1822	1107
STM1823	313
STM1824	3618
STM1825	1750
STM1826	4772
STM1827	4603
STM1828	4435
STM1829	369
STM1830	3229
STM1831	2055
STM1832	2379
STM1833	1489
STM1834	1651
STM1835	2074
STM1836	5066
STM1837	732
STM1838	454
STM1839	1282
STM1840	565
STM1841	1104
STM1842	2489
STM1843	4477
STM1844	2680
STM1845	6463
STM1846	2040
STM1847	1643
STM1848	3098
STM1849	7484
STM1850	4185
STM1851	1118
STM1852	523
STM1853	1922
STM1854	971
STM1855	2486
STM1856	1653
STM1857	1420
STM1858	1232
STM1859	774
STM1860	2793
STM1861	0
STM1862	3048
STM1863	420
STM1864	1811
STM1865	1079
STM1867	828
STM1868	2715
STM1868A	879
STM1869	1745
STM1869A	738
STM1870	1719
STM1871	2471
STM1872	541
STM1873	814
STM1874	2169
STM1875	972
STM1876	843
STM1877	1933
STM1878	1701
STM1879	5799
STM1880	1995
STM1881	1044
STM1882	857
STM1883	3947
STM1884	1884
STM1885	5175
STM1886	5374
STM1887	2878
STM1888	4373
STM1889	2957
STM1890	3903
STM1891	2191
STM1892	1596
STM1893	2355
STM1894	2994
STM1895	1892
STM1896	0
STM1897	1592
STM1898	1204
STM1899	2078
STM1900	1378
STM1901	5889
STM1902	1591
STM1903	2300
STM1904	976
STM1905	1733
STM1906	3062
STM1907	2434
STM1908	1815
STM1909	5765
STM1910	5901
STM1911	3657
STM1912	1194
STM1913	5751
STM1914	3596
STM1915	1955
STM1916	718
STM1917	2988
STM1918	2767
STM1919	5702
STM1920	1444
STM1921	5847
STM1922	2168
STM1923	2338
STM1924	1678
STM1925	1418
STM1926	351
STM1927	866
STM1928	3740
STM1929	2128
STM1931	2016
STM1932	1984
STM1933	2379
STM1934	1569
STM1935	1602
STM1936	779
STM1937	4396
STM1938	2438
STM1939	1342
STM1940	4713
STM1941	1304
STM1942	303
STM1943	11
STM1944	405
STM1945	1918
STM1946	5731
STM1947	1900
STM1948	461
STM1949	453
STM1950	2292
STM1951	2399
STM1952	1670
STM1953	3226
STM1954	2677
STM1955	1746
STM1956	2353
STM1957	1978
STM1958	3662
STM1959	2623
STM1960	4484
STM1961	883
STM1962	849
STM1963	4948
STM1964	1190
STM1965	3735
STM1966	712
STM1967	1586
STM1968	1322
STM1969	5292
STM1970	2535
STM1971	1682
STM1972	4264
STM1973	966
STM1974	3890
STM1975	1430
STM1976	2574
STM1977	757
STM1978	705
STM1979	1824
STM1980	348
STM1981	2570
STM1982	2369
STM1983	684
STM1984	592
STM1985	352
STM1986	2497
STM1987	5047
STM1988	814
STM1989	2896
STM1990	2735
STM1991	986
STM1992	4020
STM1993	2010
STM1994	1174
STM1995	3762
STM1996	1299
STM1997	4533
STM1998	1154
STM1999	755
STM2000	795
STM2001	2603
STM2002	595
STM2004	739
STM2005	279
STM2006	0
STM2007	0
STM2008	0
STM2009	4794
STM2010	88
STM2011	981
STM2012	651
STM2013	4741
STM2014	372
STM2015	3089
STM2016	3232
STM2017	1944
STM2018	1022
STM2019	4344
STM2020	2034
STM2021	1676
STM2022	346
STM2023	1846
STM2024	1841
STM2025	2215
STM2026	1811
STM2027	1681
STM2028	2709
STM2029	1900
STM2030	1369
STM2031	1502
STM2032	2939
STM2033	1595
STM2034	2564
STM2035	4512
STM2036	3301
STM2037	3013
STM2038	1187
STM2039	2375
STM2040	5336
STM2041	1741
STM2042	1453
STM2043	5512
STM2044	754
STM2045	501
STM2046	1071
STM2047	1433
STM2048	1239
STM2049	471
STM2050	2966
STM2051	4216
STM2052	3226
STM2053	3913
STM2054	1266
STM2055	744
STM2056	919
STM2057	3446
STM2058	2862
STM2059	1103
STM2060	3960
STM2061	1780
STM2062	4114
STM2063	2332
STM2064	1375
STM2065	7144
STM2066	7463
STM2067	4894
STM2068	4612
STM2069	2938
STM2070	2510
STM2071	3156
STM2072	4289
STM2073	3046
STM2074	2718
STM2075	1506
STM2076	1816
STM2077	1848
STM2078	1715
STM2079	3065
STM2080	3770
STM2081	4834
STM2082	0
STM2083	0
STM2084	0
STM2085	0
STM2086	0
STM2087	0
STM2088	0
STM2089	0
STM2090	0
STM2091	0
STM2092	0
STM2093	0
STM2094	0
STM2095	33
STM2096	0
STM2097	0
STM2098	3105
STM2099	4190
STM2100	3276
STM2101	3373
STM2102	4495
STM2103	4275
STM2104	4884
STM2105	4621
STM2106	3909
STM2107	986
STM2108	2623
STM2109	3707
STM2110	1406
STM2111	1919
STM2112	3116
STM2113	3408
STM2114	1005
STM2115	2262
STM2116	6719
STM2117	976
STM2118	3892
STM2119	5202
STM2120	6061
STM2121	1792
STM2122	2232
STM2123	9054
STM2124	2570
STM2125	4351
STM2126	3672
STM2127	10177
STM2128	8930
STM2129	3794
STM2130	4011
STM2131	2145
STM2133	2869
STM2134	1896
STM2135	6478
STM2136	4971
STM2137	3232
STM2138	1256
STM2139	1533
STM2140	2797
STM2141	3364
STM2142	4148
STM2143	2855
STM2144	2535
STM2145	1911
STM2146	2097
STM2147	2790
STM2148	1338
STM2149	0
STM2150	362
STM2151	0
STM2152	633
STM2153	1176
STM2154	3976
STM2155	6621
STM2156	1839
STM2156A	1782
STM2157	1316
STM2158	1702
STM2159	5173
STM2160	2480
STM2161	4
STM2162	1606
STM2163	2408
STM2164	3068
STM2165	2727
STM2166	7348
STM2167	5793
STM2168	3161
STM2169	2286
STM2170	1718
STM2171	2225
STM2172	4889
STM2173	753
STM2174	3222
STM2175	3955
STM2176	1683
STM2177	1893
STM2178	2995
STM2179	3991
STM2180	3074
STM2181	959
STM2182	2085
STM2183	3088
STM2184	2252
STM2185	665
STM2186	3940
STM2187	3733
STM2188	2885
STM2189	4608
STM2190	4074
STM2191	3591
STM2192	3160
STM2193	2004
STM2194	2624
STM2195	662
STM2196	4194
STM2197	2656
STM2198	3770
STM2199	6274
STM2200	4848
STM2201	2976
STM2202	3066
STM2203	2859
STM2204	5141
STM2205	2551
STM2206	3609
STM2207	3814
STM2208	1562
STM2209	328
STM2211	3078
STM2212	3153
STM2213	2433
STM2214	2368
STM2215	4927
STM2216	5436
STM2217	3109
STM2218	2672
STM2219	4590
STM2220	1072
STM2221	3883
STM2222	2198
STM2223	6202
STM2224	1236
STM2225	0
STM2226	3391
STM2227	780
STM2228	5415
STM2229	260
STM2230	0
STM2231	0
STM2232	0
STM2233	210
STM2234	0
STM2235	2
STM2236	0
STM2237	399
STM2238	0
STM2239	0
STM2240	829
STM2241	0
STM2242	0
STM2243	246
STM2244	1022
STM2245	2104
STM2246	1990
STM2247	2449
STM2248	1284
STM2249	5802
STM2250	973
STM2251	192
STM2252	1980
STM2253	1727
STM2254	1468
STM2255	1208
STM2256	1285
STM2257	2354
STM2258	1840
STM2259	7455
STM2260	280
STM2261	1480
STM2262	2071
STM2263	5258
STM2264	1798
STM2265	2886
STM2266	3097
STM2267	4242
STM2268	760
STM2269	8280
STM2270	1850
STM2271	9083
STM2272	8967
STM2273	3475
STM2274	3574
STM2275	2572
STM2276	2340
STM2277	7915
STM2278	3215
STM2279	331
STM2280	3878
STM2281	3032
STM2282	3382
STM2283	3994
STM2284	5574
STM2285	3622
STM2286	3764
STM2287	3256
STM2288	350
STM2289	0
STM2290	0
STM2291	0
STM2292	0
STM2293	4022
STM2294	2251
STM2295	1369
STM2296	1955
STM2297	3685
STM2298	2568
STM2299	5715
STM2300	2288
STM2301	4668
STM2302	466
STM2303	606
STM2304	668
STM2305	4090
STM2306	2719
STM2307	2382
STM2308	2170
STM2309	5234
STM2310	3982
STM2311	938
STM2312	1131
STM2313	2998
STM2314	2923
STM2315	0
STM2316	4352
STM2317	5212
STM2318	5503
STM2319	429
STM2320	1252
STM2321	1237
STM2322	2699
STM2323	8071
STM2324	3920
STM2325	1172
STM2326	5492
STM2327	1977
STM2328	2284
STM2329	704
STM2330	3192
STM2331	4144
STM2332	2206
STM2333	6259
STM2334	1824
STM2335	1229
STM2336	1549
STM2337	4023
STM2338	7132
STM2339	5363
STM2340	2435
STM2341	2120
STM2342	4048
STM2343	714
STM2344	1619
STM2345	3022
STM2346	1543
STM2347	1580
STM2348	2170
STM2349	2276
STM2350	2989
STM2351	2110
STM2352	1968
STM2353	2144
STM2354	2977
STM2355	2978
STM2356	1968
STM2357	4075
STM2358	3302
STM2359	4073
STM2360	4690
STM2361	4223
STM2362	4814
STM2363	1744
STM2364	1837
STM2365	3700
STM2366	2918
STM2367	1722
STM2368	2157
STM2369	2867
STM2370	3340
STM2371	2725
STM2372	4118
STM2373	1529
STM2374	1130
STM2375	1184
STM2376	1319
STM2377	2116
STM2378	4034
STM2379	6926
STM2380	657
STM2381	1213
STM2382	1962
STM2383	2255
STM2384	3152
STM2385	2779
STM2386	2117
STM2387	1912
STM2388	6493
STM2389	4034
STM2390	1511
STM2391	4720
STM2392	2579
STM2393	2912
STM2394	430
STM2395	3125
STM2396	3473
STM2397	5771
STM2398	3715
STM2399	4525
STM2400	1162
STM2401	2994
STM2402	4391
STM2403	3478
STM2404	3850
STM2405	5144
STM2406	3435
STM2407	1307
STM2408	3785
STM2409	3882
STM2410	7032
STM2411	358
STM2412	325
STM2413	1100
STM2414	886
STM2415	4869
STM2416	350
STM2417	50
STM2418	11
STM2419	284
STM2420	3502
STM2421	4145
STM2422	3021
STM2423	2552
STM2424	2991
STM2425	2855
STM2426	215
STM2427	6256
STM2428	3069
STM2429	2962
STM2430	3706
STM2431	1243
STM2432	5252
STM2433	1768
STM2434	676
STM2435	2316
STM2436	3926
STM2437	1797
STM2438	1441
STM2439	0
STM2440	3190
STM2441	2945
STM2442	1983
STM2443	2065
STM2444	2864
STM2445	2748
STM2446	3043
STM2447	1786
STM2448	896
STM2449	1455
STM2450	2419
STM2451	2447
STM2452	1018
STM2453	751
STM2454	3325
STM2455	1367
STM2456	1627
STM2457	2202
STM2458	3807
STM2459	3816
STM2460	3375
STM2461	3827
STM2462	2157
STM2463	3790
STM2464	864
STM2465	976
STM2466	2905
STM2467	1960
STM2468	1523
STM2469	989
STM2470	1217
STM2471	1596
STM2472	7633
STM2473	2942
STM2474	6086
STM2475	789
STM2476	3910
STM2477	1932
STM2478	4274
STM2479	6798
STM2480	5980
STM2481	10028
STM2482	1116
STM2483	2992
STM2484	352
STM2485	6274
STM2486	2655
STM2487	2525
STM2488	2860
STM2489	2641
STM2490	1398
STM2491	1093
STM2492	1911
STM2493	3731
STM2494	5050
STM2495	800
STM2496	2195
STM2497	4107
STM2498	2577
STM2499	3437
STM2500	2021
STM2501	6222
STM2502	4423
STM2503	6966
STM2504	435
STM2505	83
STM2506	0
STM2507	577
STM2508	987
STM2509	1105
STM2510	5508
STM2511	4891
STM2512	4656
STM2513	11660
STM2514	20946
STM2515	12611
STM2516	2547
STM2517	6998
STM2518	1050
STM2519	4694
STM2520	3522
STM2521	1545
STM2522	3855
STM2523	3815
STM2524	3019
STM2525	3910
STM2526	1721
STM2527	2678
STM2528	2203
STM2529	1425
STM2530	7830
STM2531	7023
STM2532	14996
STM2533	3134
STM2534	0
STM2535	2631
STM2536	4205
STM2537	566
STM2538	534
STM2539	5426
STM2540	1811
STM2541	1034
STM2542	860
STM2543	4024
STM2544	2164
STM2545	2476
STM2546	2985
STM2547	3197
STM2548	3472
STM2549	2067
STM2550	2597
STM2551	2177
STM2552	1830
STM2553	3822
STM2554	3459
STM2555	4745
STM2556	4157
STM2557	4918
STM2558	4640
STM2559	6081
STM2560	4223
STM2561	893
STM2562	3582
STM2563	2095
STM2564	4617
STM2565	11687
STM2566	1
STM2567	4113
STM2568	1500
STM2569	1506
STM2570	3689
STM2571	2487
STM2572	2710
STM2573	2366
STM2574	3422
STM2575	2601
STM2576	798
STM2577	1151
STM2578	2027
STM2579	1803
STM2580	2503
STM2581	2115
STM2582	3005
STM2583	5120
STM2584	0
STM2585	0
STM2585A	17
STM2586	12
STM2587	0
STM2588	417
STM2589	0
STM2590	0
STM2591	0
STM2592	0
STM2593	0
STM2594	207
STM2595	0
STM2596	0
STM2597	57
STM2598	0
STM2599	0
STM2600	516
STM2601	0
STM2602	0
STM2603	0
STM2604	0
STM2605	0
STM2606	0
STM2607	0
STM2608	0
STM2609	0
STM2610	0
STM2611	526
STM2612	0
STM2613	0
STM2614	0
STM2615	0
STM2616	0
STM2617	980
STM2618	2
STM2619	905
STM2620	1392
STM2621	596
STM2622	0
STM2623	392
STM2624	289
STM2625	1015
STM2626	1551
STM2627	603
STM2628	0
STM2629	100
STM2630	0
STM2631	0
STM2632	0
STM2633	0
STM2634	279
STM2635	0
STM2636	0
STM2637	1424
STM2638	2555
STM2639	1338
STM2640	1840
STM2641	4623
STM2642	2144
STM2643	3969
STM2644	2519
STM2645	1717
STM2646	1474
STM2647	2468
STM2648	3854
STM2649	1682
STM2650	2282
STM2651	8382
STM2652	4149
STM2653	749
STM2654	3611
STM2655	1408
STM2656	76
STM2657	19509
STM2658	344
STM2659	6282
STM2660	7989
STM2661	2023
STM2662	2910
STM2663	2531
STM2665	1348
STM2666	318
STM2667	3188
STM2668	2605
STM2669	3015
STM2670	3509
STM2671	1456
STM2672	3362
STM2673	1154
STM2674	1963
STM2675	1339
STM2676	686
STM2677	4501
STM2678	2572
STM2679	4034
STM2680	165
STM2681	1407
STM2682	4
STM2683	2288
STM2684	5131
STM2685	1313
STM2686	878
STM2687	1240
STM2688	2036
STM2690	3901
STM2691	5996
STM2692	3721
STM2693	781
STM2694	265
STM2695	4927
STM2696	1390
STM2697	2552
STM2698	0
STM2699	707
STM2700	1485
STM2701	2592
STM2702	933
STM2703	60
STM2704	0
STM2705	0
STM2706	884
STM2707	866
STM2708	1671
STM2709	550
STM2710	1759
STM2711	1141
STM2712	744
STM2713	2
STM2714	235
STM2715	738
STM2716	402
STM2717	163
STM2718	1027
STM2719	2419
STM2720	2752
STM2721	1797
STM2722	5218
STM2723	1665
STM2724	0
STM2726	0
STM2727	548
STM2728	429
STM2729	10160
STM2730	1527
STM2731	630
STM2732	336
STM2733	1060
STM2734	0
STM2735	226
STM2736	1685
STM2737	473
STM2738	42
STM2739	1122
STM2740	0
STM2741	0
STM2742	0
STM2743	0
STM2744	0
STM2745	0
STM2746	0
STM2747	0
STM2748	142
STM2749	0
STM2750	0
STM2751	0
STM2752	0
STM2753	0
STM2754	0
STM2755	0
STM2756	0
STM2757	0
STM2758	0
STM2759	120
STM2760	0
STM2761	0
STM2762	0
STM2763	0
STM2764	0
STM2765	0
STM2766	0
STM2767	0
STM2768	0
STM2769	2
STM2770	1632
STM2771	3953
STM2772	745
STM2773	3618
STM2774	11290
STM2775	3884
STM2776	2399
STM2777	6309
STM2779	1214
STM2780	3235
STM2781	2944
STM2782	2797
STM2783	3309
STM2784	4059
STM2785	2187
STM2786	3168
STM2787	1004
STM2788	4782
STM2789	2901
STM2790	3676
STM2791	3997
STM2792	3707
STM2793	4356
STM2794	1908
STM2795	1192
STM2796	750
STM2797	849
STM2798	1467
STM2799	2028
STM2800	1485
STM2801	1079
STM2802	1153
STM2803	3983
STM2804	1529
STM2805	729
STM2806	742
STM2807	5940
STM2808	2686
STM2809	3691
STM2810	3061
STM2811	3115
STM2812	3979
STM2813	2546
STM2814	3519
STM2815	4296
STM2816	3935
STM2817	1973
STM2818	4570
STM2819	910
STM2820	1625
STM2821	612
STM2822	493
STM2823	201
STM2824	14
STM2825	291
STM2826	989
STM2827	7799
STM2828	1796
STM2829	3420
STM2830	1335
STM2831	3773
STM2832	1678
STM2833	2509
STM2834	668
STM2835	2101
STM2836	1254
STM2837	2235
STM2838	2293
STM2839	4461
STM2840	3986
STM2841	3081
STM2842	7235
STM2843	2269
STM2844	2331
STM2845	1007
STM2846	741
STM2847	1841
STM2848	1237
STM2849	4532
STM2850	2330
STM2851	5198
STM2852	2014
STM2853	1848
STM2854	1249
STM2855	2323
STM2856	278
STM2857	2879
STM2858	3140
STM2859	6469
STM2860	1166
STM2861	2813
STM2862	1918
STM2863	2099
STM2864	2268
STM2865	2658
STM2866	2490
STM2867	2622
STM2868	1131
STM2869	1350
STM2870	1088
STM2871	1633
STM2872	454
STM2873	385
STM2874	3187
STM2875	2833
STM2876	4713
STM2877	1043
STM2878	4232
STM2879	667
STM2880	457
STM2881	525
STM2882	5425
STM2883	2415
STM2884	3302
STM2885	4672
STM2886	1288
STM2887	2908
STM2888	1749
STM2889	391
STM2890	1559
STM2891	2281
STM2892	2580
STM2893	668
STM2894	3533
STM2895	783
STM2896	5870
STM2897	2873
STM2898	4412
STM2899	1786
STM2900	1709
STM2901	1202
STM2902	1076
STM2903	0
STM2904	0
STM2905	412
STM2906	805
STM2907	2325
STM2908	1796
STM2909	7871
STM2910	916
STM2911	3583
STM2912	2698
STM2913	4144
STM2914	2491
STM2915	2053
STM2916	1409
STM2917	3469
STM2918	3012
STM2919	2425
STM2920	1298
STM2921	1722
STM2922	4118
STM2923	424
STM2924	3004
STM2925	3316
STM2926	1676
STM2927	1744
STM2928	2782
STM2929	1024
STM2930	1854
STM2931	966
STM2932	1107
STM2933	1428
STM2934	3914
STM2935	2763
STM2936	3916
STM2937	161
STM2938	404
STM2939	0
STM2940	126
STM2941	316
STM2942	0
STM2943	116
STM2944	0
STM2945	3117
STM2946	2208
STM2947	5054
STM2948	5805
STM2949	1284
STM2950	2637
STM2951	2818
STM2952	4225
STM2953	5467
STM2954	2725
STM2955	1244
STM2956	6811
STM2957	3476
STM2958	8354
STM2959	3564
STM2960	4149
STM2961	3807
STM2962	4336
STM2963	1494
STM2964	2014
STM2965	725
STM2966	1160
STM2967	2107
STM2968	2904
STM2969	4576
STM2970	4370
STM2971	4416
STM2972	3059
STM2973	4076
STM2974	2034
STM2976	5830
STM2977	4314
STM2978	1025
STM2979	1950
STM2980	3355
STM2981	801
STM2982	3077
STM2983	1087
STM2984	4121
STM2985	1418
STM2986	2731
STM2987	2670
STM2988	3897
STM2989	307
STM2990	177
STM2991	4367
STM2992	4341
STM2993	5914
STM2994	11138
STM2995	9380
STM2996	10823
STM2997	455
STM2998	691
STM2999	1140
STM3000	1444
STM3001	2597
STM3002	2662
STM3003	7355
STM3004	1755
STM3005	2962
STM3006	2715
STM3007	1035
STM3008	3556
STM3009	3338
STM3010	7100
STM3011	3154
STM3012	2918
STM3013	3586
STM3014	2483
STM3015	2222
STM3016	5433
STM3017	2396
STM3018	2851
STM3019	4263
STM3020	2856
STM3021	1572
STM3022	3700
STM3023	766
STM3024	2976
STM3025	2685
STM3026	0
STM3027	2007
STM3028	7792
STM3029	2496
STM3030	2185
STM3031	1698
STM3032	1773
STM3033	894
STM3034	0
STM3035	0
STM3036	2743
STM3037	335
STM3038	2609
STM3039	2002
STM3040	4569
STM3041	2928
STM3042	5512
STM3043	1890
STM3044	2614
STM3045	1575
STM3046	1027
STM3047	770
STM3048	3439
STM3049	2509
STM3050	1375
STM3051	4831
STM3052	3109
STM3053	9359
STM3054	1279
STM3055	4160
STM3056	4056
STM3057	3610
STM3058	3792
STM3059	1830
STM3060	1575
STM3061	2273
STM3062	3990
STM3063	2514
STM3064	3191
STM3065	2747
STM3066	2335
STM3067	2925
STM3068	3249
STM3069	3851
STM3070	3771
STM3071	1437
STM3072	1387
STM3073	1727
STM3074	1548
STM3075	2013
STM3076	6922
STM3077	2914
STM3078	3485
STM3079	0
STM3080	0
STM3081	0
STM3082	0
STM3083	0
STM3084	0
STM3085	0
STM3086	6480
STM3087	51
STM3088	418
STM3089	565
STM3090	3767
STM3091	4391
STM3092	1561
STM3093	2273
STM3094	2095
STM3095	3121
STM3096	1686
STM3097	1005
STM3098	2207
STM3099	3026
STM3100	2023
STM3101	1215
STM3102	462
STM3103	1237
STM3104	3655
STM3105	3297
STM3106	3646
STM3107	2027
STM3108	607
STM3109	2224
STM3110	3434
STM3111	877
STM3112	3323
STM3113	4271
STM3114	7192
STM3115	2679
STM3116	570
STM3117	1213
STM3118	3476
STM3119	1259
STM3120	2418
STM3121	2697
STM3122	5236
STM3123	3907
STM3124	2214
STM3125	1460
STM3126	4819
STM3127	1356
STM3128	3965
STM3129	4993
STM3130	1076
STM3131	1435
STM3132	3080
STM3133	2650
STM3134	4382
STM3135	4248
STM3136	4323
STM3137	4669
STM3138	3682
STM3139	6022
STM3140	3108
STM3141	2127
STM3142	2883
STM3143	539
STM3144	654
STM3145	845
STM3146	1009
STM3147	4858
STM3148	3196
STM3149	2342
STM3150	3311
STM3151	1095
STM3152	5212
STM3153	1897
STM3154	1903
STM3155	952
STM3156	1167
STM3157	3073
STM3158	1264
STM3159	1700
STM3160	220
STM3161	3736
STM3162	2195
STM3163	3053
STM3164	3540
STM3165	2807
STM3166	4867
STM3167	1740
STM3168	7313
STM3169	0
STM3170	0
STM3171	180
STM3172	4335
STM3173	2460
STM3174	7504
STM3175	2759
STM3176	1433
STM3177	2146
STM3178	4224
STM3179	1556
STM3180	954
STM3181	5790
STM3182	1578
STM3183	2373
STM3184	971
STM3185	1855
STM3186	4772
STM3187	2120
STM3188	3518
STM3189	2777
STM3190	2618
STM3191	2986
STM3192	2098
STM3193	1687
STM3194	1934
STM3195	2433
STM3196	1334
STM3197	996
STM3198	1894
STM3199	5048
STM3200	4636
STM3201	8911
STM3202	4139
STM3203	1916
STM3204	4107
STM3205	2660
STM3206	1192
STM3207	1991
STM3208	3422
STM3209	1224
STM3210	5276
STM3211	5922
STM3212	1865
STM3213	355
STM3214	2494
STM3215	2012
STM3216	4459
STM3217	4713
STM3218	4413
STM3219	6772
STM3220	3447
STM3221	1555
STM3222	2363
STM3223	3355
STM3224	3024
STM3225	4152
STM3226	2107
STM3227	1280
STM3228	1219
STM3229	623
STM3230	751
STM3231	833
STM3232	1471
STM3233	3336
STM3234	1051
STM3235	2541
STM3236	2038
STM3237	524
STM3238	3773
STM3239	3831
STM3240	4636
STM3241	6846
STM3242	3352
STM3243	3526
STM3244	3116
STM3245	2950
STM3246	1274
STM3247	3462
STM3248	2783
STM3249	2607
STM3250	5160
STM3251	3112
STM3252	2459
STM3253	2855
STM3254	2392
STM3255	3745
STM3256	2461
STM3257	3891
STM3258	1010
STM3259	464
STM3260	3801
STM3261	3357
STM3262	2617
STM3263	2943
STM3264	5804
STM3265	593
STM3266	1219
STM3267	1590
STM3268	2282
STM3269	1263
STM3270	959
STM3271	648
STM3272	1018
STM3273	1710
STM3274	2969
STM3275	2773
STM3276	3035
STM3277	0
STM3278	0
STM3279	4077
STM3280	5848
STM3281	2774
STM3282	7060
STM3283	1236
STM3284	2720
STM3285	1458
STM3286	8769
STM3287	4382
STM3288	1202
STM3289	609
STM3290	4581
STM3291	0
STM3292	327
STM3293	1125
STM3294	4477
STM3295	2539
STM3296	5733
STM3297	2213
STM3298	1189
STM3299	2019
STM3300	4746
STM3301	3827
STM3303	879
STM3304	869
STM3305	3403
STM3306	1181
STM3307	3880
STM3308	1066
STM3309	993
STM3310	1426
STM3311	1098
STM3312	1864
STM3313	2447
STM3314	2760
STM3315	2665
STM3316	1183
STM3317	1079
STM3318	1262
STM3319	1665
STM3320	4304
STM3321	806
STM3322	1540
STM3323	2168
STM3324	893
STM3325	2052
STM3326	1976
STM3327	2056
STM3328	7287
STM3329	3299
STM3330	13899
STM3331	4478
STM3332	3420
STM3333	3537
STM3334	3653
STM3335	1430
STM3336	2126
STM3337	2017
STM3338	4650
STM3339	3134
STM3340	2670
STM3341	1521
STM3342	1760
STM3343	0
STM3344	1299
STM3345	1458
STM3346	3797
STM3347	1715
STM3348	4806
STM3349	3273
STM3350	1933
STM3351	1880
STM3352	2415
STM3353	583
STM3354	1778
STM3355	2110
STM3356	4019
STM3357	1957
STM3358	1693
STM3359	3472
STM3360	2146
STM3361	1072
STM3362	922
STM3363	1057
STM3364	6200
STM3365	2467
STM3366	577
STM3367	3270
STM3368	5058
STM3369	12458
STM3370	4729
STM3371	1405
STM3372	1007
STM3373	3051
STM3374	3275
STM3375	6564
STM3376	3514
STM3377	2900
STM3378	1574
STM3379	1836
STM3380	4234
STM3381	594
STM3382	4224
STM3383	2871
STM3384	3303
STM3385	631
STM3386	2668
STM3387	706
STM3388	6166
STM3389	2053
STM3390	3642
STM3391	9852
STM3392	1125
STM3393	537
STM3394	17
STM3395	700
STM3396	8326
STM3397	291
STM3398	4766
STM3399	1408
STM3400	251
STM3401	1818
STM3402	1322
STM3403	1336
STM3404	889
STM3405	3255
STM3406	1398
STM3407	2705
STM3408	3891
STM3409	4152
STM3410	1291
STM3411	357
STM3412	1061
STM3413	1048
STM3414	1248
STM3415	2648
STM3416	1732
STM3417	944
STM3418	1059
STM3419	373
STM3420	3546
STM3421	901
STM3422	90
STM3423	1052
STM3424	674
STM3425	1206
STM3426	900
STM3427	702
STM3428	1244
STM3429	570
STM3430	1114
STM3431	748
STM3432	87
STM3433	848
STM3434	1871
STM3435	635
STM3436	442
STM3437	2513
STM3438	465
STM3439	1326
STM3440	1522
STM3441	1128
STM3442	1385
STM3443	1106
STM3444	886
STM3445	2568
STM3446	6535
STM3447	1570
STM3448	1280
STM3449	690
STM3450	590
STM3451	711
STM3452	2173
STM3453	3248
STM3454	988
STM3455	1893
STM3456	394
STM3457	4713
STM3458	1675
STM3459	6903
STM3461	1487
STM3462	3403
STM3463	280
STM3464	2757
STM3465	1391
STM3466	1943
STM3467	6304
STM3468	3530
STM3469	1586
STM3470	1546
STM3471	302
STM3472	2305
STM3473	3945
STM3474	8328
STM3475	999
STM3476	2565
STM3477	4230
STM3478	10950
STM3479	1923
STM3480	827
STM3481	2959
STM3482	1783
STM3483	1644
STM3484	2598
STM3485	4360
STM3486	3170
STM3487	1762
STM3488	3554
STM3489	530
STM3490	1023
STM3491	1177
STM3492	2399
STM3493	8404
STM3494	2149
STM3495	7411
STM3496	1602
STM3497	1025
STM3498	3030
STM3499	5555
STM3500	5073
STM3501	3684
STM3502	2376
STM3503	1501
STM3504	8142
STM3505	761
STM3506	6547
STM3507	854
STM3508	2842
STM3509	2154
STM3510	2009
STM3511	1988
STM3512	4666
STM3513	6645
STM3514	7675
STM3515	9465
STM3516	0
STM3517	0
STM3518	0
STM3519	0
STM3521	0
STM3522	0
STM3523	2579
STM3524	2714
STM3525	1349
STM3526	5143
STM3527	1656
STM3528	4201
STM3529	154
STM3531	0
STM3532	0
STM3533	0
STM3534	7525
STM3535	3959
STM3536	3493
STM3537	5319
STM3538	6258
STM3539	4092
STM3540	768
STM3541	3511
STM3542	1596
STM3543	3032
STM3544	2502
STM3545	3513
STM3546	1965
STM3547	3481
STM3548	2070
STM3549	2523
STM3550	2660
STM3551	5185
STM3552	1227
STM3553	1846
STM3554	2995
STM3555	2078
STM3556	2646
STM3557	4209
STM3558	1163
STM3559	612
STM3560	2167
STM3561	2024
STM3562	3408
STM3563	2627
STM3564	3790
STM3565	1061
STM3566	154
STM3567	3598
STM3568	3331
STM3569	3280
STM3570	1533
STM3571	4338
STM3572	1952
STM3573	352
STM3574	1176
STM3575	2191
STM3576	7474
STM3577	5417
STM3578	782
STM3579	2238
STM3580	1535
STM3581	3519
STM3582	2776
STM3583	1852
STM3584	1369
STM3585	3306
STM3586	7850
STM3587	3483
STM3588	4126
STM3589	5216
STM3590	1715
STM3591	2331
STM3592	4518
STM3593	2117
STM3594	6286
STM3595	4534
STM3596	3213
STM3597	4169
STM3598	3001
STM3599	4081
STM3600	2362
STM3601	3321
STM3602	2771
STM3603	5238
STM3604	4860
STM3605	1024
STM3606	2127
STM3607	2662
STM3608	3419
STM3609	4329
STM3610	6304
STM3611	2662
STM3612	2915
STM3613	4984
STM3614	4599
STM3615	6589
STM3616	10929
STM3617	3036
STM3618	6656
STM3619	7389
STM3620	2165
STM3621	677
STM3622	5071
STM3623	69
STM3624	5477
STM3624A	1426
STM3625	7897
STM3626	2863
STM3627	2458
STM3628	2431
STM3629	3403
STM3630	5491
STM3631	4107
STM3632	3572
STM3633	4442
STM3634	1159
STM3635	5448
STM3636	0
STM3637	0
STM3638	0
STM3639	0
STM3640	0
STM3641	2565
STM3642	1622
STM3643	689
STM3644	7491
STM3645	2511
STM3646	3646
STM3647	2579
STM3648	1272
STM3649	1101
STM3650	2330
STM3651	1365
STM3652	683
STM3653	0
STM3655	6568
STM3656	2870
STM3657	1202
STM3658	3145
STM3659	1098
STM3660	4721
STM3661	4379
STM3662	3993
STM3663	2593
STM3664	7075
STM3665	3614
STM3666	1855
STM3667	2806
STM3668	3072
STM3669	955
STM3670	2785
STM3671	1413
STM3672	3413
STM3673	2518
STM3674	4211
STM3675	1591
STM3676	2121
STM3677	2093
STM3678	2942
STM3679	6510
STM3680	4989
STM3681	3231
STM3682	5880
STM3683	4356
STM3684	2169
STM3685	6748
STM3686	3390
STM3687	1399
STM3688	627
STM3689	1490
STM3690	2162
STM3691	14606
STM3692	4960
STM3693	2183
STM3694	3501
STM3695	1679
STM3696	0
STM3697	0
STM3698	0
STM3699	2798
STM3700	2715
STM3701	1080
STM3702	749
STM3703	1661
STM3704	4670
STM3705	4014
STM3706	2773
STM3707	3140
STM3708	3271
STM3709	4264
STM3710	2872
STM3711	2892
STM3712	2750
STM3713	2649
STM3714	3361
STM3715	2769
STM3716	2172
STM3717	2633
STM3718	2406
STM3719	2954
STM3720	0
STM3721	2221
STM3722	2863
STM3723	3004
STM3724	3810
STM3725	1161
STM3726	2380
STM3727	394
STM3728	824
STM3729	2562
STM3730	3699
STM3731	1406
STM3732	2160
STM3733	1947
STM3734	2353
STM3735	2631
STM3736	2985
STM3737	3029
STM3738	1954
STM3739	5463
STM3740	2263
STM3741	652
STM3742	6693
STM3743	1594
STM3744	6673
STM3745	0
STM3746	3985
STM3747	4919
STM3748	5666
STM3749	7052
STM3750	4533
STM3751	686
STM3752	1427
STM3753	3982
STM3754	1028
STM3755	3761
STM3756	2121
STM3757	9012
STM3758	1270
STM3759	2265
STM3760	878
STM3761	2687
STM3762	2088
STM3763	9010
STM3764	2506
STM3765	2785
STM3766	3890
STM3767	2571
STM3768	2825
STM3769	2133
STM3770	2303
STM3771	1632
STM3772	1556
STM3773	9148
STM3774	1319
STM3775	4303
STM3776	4013
STM3777	1047
STM3778	802
STM3779	0
STM3780	0
STM3781	0
STM3782	0
STM3783	0
STM3784	0
STM3785	530
STM3786	1896
STM3787	4932
STM3788	3928
STM3789	4416
STM3790	1666
STM3791	2922
STM3792	3820
STM3793	2861
STM3794	2627
STM3795	466
STM3796	5125
STM3797	898
STM3797A	363
STM3796B	98
STM3796A	3002
STM3798	3549
STM3799	2838
STM3800	2996
STM3801	4072
STM3802	4120
STM3803	1557
STM3804	639
STM3805	997
STM3807	5540
STM3808	1640
STM3809	1584
STM3810	1122
STM3811	4002
STM3812	3368
STM3813	1199
STM3814	5739
STM3815	970
STM3816	183
STM3817	2094
STM3818	1773
STM3819	1377
STM3820	4480
STM3821	2057
STM3822	7783
STM3823	3686
STM3824	1737
STM3825	3086
STM3826	8394
STM3827	3998
STM3828	4020
STM3829	3063
STM3830	2277
STM3831	3231
STM3832	4050
STM3833	3495
STM3834	2868
STM3835	7702
STM3836	3391
STM3837	3268
STM3838	4799
STM3839	739
STM3840	568
STM3841	233
STM3842	5098
STM3843	5164
STM3845	0
STM3846	0
STM3847	3833
STM3848	2767
STM3849	2187
STM3850	1598
STM3851	4622
STM3852	2166
STM3853	2153
STM3854	2478
STM3855	2681
STM3856	2883
STM3857	3581
STM3858	4100
STM3859	2414
STM3860	6033
STM3861	6435
STM3862	4812
STM3863	2336
STM3864	1438
STM3865	3729
STM3866	2604
STM3867	4909
STM3868	1304
STM3869	1181
STM3870	576
STM3871	2043
STM3872	1447
STM3873	2099
STM3874	6137
STM3875	1543
STM3876	1355
STM3877	3101
STM3878	4051
STM3879	4748
STM3880	6293
STM3881	1284
STM3882	4344
STM3883	2874
STM3884	2762
STM3885	2879
STM3886	2758
STM3887	3699
STM3888	2248
STM3889	3850
STM3890	1006
STM3891	6442
STM3893	2
STM3894	75
STM3895	19
STM3896	100
STM3897	2761
STM3898	1112
STM3899	4560
STM3900	1242
STM3901	5220
STM3902	11
STM3903	3127
STM3904	5925
STM3905	4913
STM3906	0
STM3907	0
STM3908	2714
STM3909	4111
STM3910	1169
STM3911	1029
STM3912	5945
STM3913	4863
STM3914	3802
STM3915	1370
STM3917	4441
STM3918	2313
STM3919	2876
STM3920	3116
STM3921	3697
STM3922	2950
STM3923	906
STM3924	1422
STM3925	2937
STM3926	3246
STM3927	2987
STM3928	3930
STM3929	2309
STM3930	4306
STM3931	249
STM3932	26
STM3933	23
STM3934	444
STM3935	3739
STM3936	3179
STM3937	1883
STM3938	3144
STM3939	8638
STM3940	1512
STM3941	1696
STM3942	890
STM3943	943
STM3944	1288
STM3946	655
STM3947	2060
STM3948	1746
STM3949	2199
STM3950	1863
STM3951	7186
STM3952	3897
STM3953	0
STM3954	0
STM3955	2716
STM3956	1599
STM3957	2771
STM3958	5646
STM3959	1731
STM3960	1794
STM3961	2817
STM3962	2251
STM3963	2054
STM3964	2750
STM3965	8061
STM3966	4302
STM3967	2908
STM3968	2783
STM3969	4835
STM3970	1948
STM3971	1351
STM3972	4842
STM3973	773
STM3974	1334
STM3975	2096
STM3976	2325
STM3977	1592
STM3978	5068
STM3979	2401
STM3980	2408
STM3981	3315
STM3982	3719
STM3983	7393
STM3984	3828
STM3985	1479
STM3986	4053
STM3987	1683
STM3988	3590
STM3989	133
STM3990	431
STM3991	7279
STM3992	321
STM3993	1637
STM3994	1479
STM3995	711
STM3996	2717
STM3997	1460
STM3998	3021
STM3999	9295
STM4000	551
STM4001	2436
STM4002	1065
STM4003	2174
STM4004	4949
STM4005	4858
STM4006	3754
STM4007	4205
STM4008	415
STM4009	5079
STM4010	371
STM4011	0
STM4012	0
STM4013	0
STM4014	0
STM4015	887
STM4016	2259
STM4017	4166
STM4018	4022
STM4019	6342
STM4020	2192
STM4021	3885
STM4022	2419
STM4023	2922
STM4024	3134
STM4025	2621
STM4026	1881
STM4027	2048
STM4028	808
STM4029	2497
STM4030	930
STM4031	701
STM4032	1054
STM4033	0
STM4034	2822
STM4035	1198
STM4036	2359
STM4037	10221
STM4038	3119
STM4039	0
STM4040	3606
STM4041	963
STM4042	1827
STM4042A	1927
STM4043	753
STM4044	3801
STM4045	3281
STM4046	3903
STM4047	4539
STM4048	2883
STM4049	2666
STM4050	3550
STM4051	2681
STM4052	3945
STM4053	1105
STM4054	3003
STM4055	2274
STM4056	1822
STM4057	1051
STM4058	4196
STM4059	1999
STM4060	2123
STM4061	3159
STM4062	3555
STM4063	3447
STM4064	2728
STM4065	4501
STM4066	2507
STM4067	2914
STM4068	2305
STM4069	379
STM4070	239
STM4071	853
STM4072	4983
STM4073	3675
STM4074	4807
STM4075	2666
STM4076	2780
STM4077	2791
STM4078	2279
STM4079	679
STM4080	2315
STM4081	2686
STM4082	1977
STM4083	1603
STM4084	2617
STM4085	3790
STM4086	4903
STM4087	3201
STM4088	1316
STM4089	1782
STM4090	2868
STM4091	4330
STM4092	1565
STM4093	3269
STM4094	3872
STM4095	8943
STM4096	804
STM4097	2241
STM4098	5944
STM4099	1513
STM4100	3393
STM4101	7614
STM4102	0
STM4103	3718
STM4104	4712
STM4105	3018
STM4106	6972
STM4107	0
STM4108	3434
STM4109	2038
STM4110	2
STM4112	0
STM4113	0
STM4114	108
STM4115	0
STM4116	0
STM4117	2973
STM4118	5849
STM4119	8701
STM4120	3531
STM4121	2741
STM4122	2583
STM4123	4912
STM4125	2832
STM4126	4387
STM4127	2151
STM4128	913
STM4129	4062
STM4130	5657
STM4131	2604
STM4132	3593
STM4133	168
STM4134	435
STM4135	7943
STM4136	1356
STM4137	3491
STM4138	2675
STM4139	3105
STM4141	529
STM4142	6
STM4143	227
STM4144	138
STM4145	122
STM4146	4858
STM4147	1234
STM4148	1697
STM4149	1350
STM4150	2252
STM4151	1714
STM4152	1321
STM4153	12825
STM4154	13519
STM4155	124
STM4156	1100
STM4157	0
STM4158	944
STM4159	3702
STM4160	2213
STM4161	104
STM4162	1753
STM4163	1636
STM4164	6081
STM4165	1671
STM4166	2216
STM4167	2990
STM4168	1770
STM4169	1884
STM4170	961
STM4171	2016
STM4172	1480
STM4173	4668
STM4174	4064
STM4175	4296
STM4176	5141
STM4177	3869
STM4178	199
STM4179	5950
STM4180	1064
STM4181	1186
STM4182	3108
STM4183	5506
STM4184	3989
STM4185	5040
STM4186	840
STM4187	2314
STM4188	12534
STM4189	5576
STM4190	2270
STM4191	93
STM4192	1402
STM4193	2424
STM4194	925
STM4195	0
STM4196	0
STM4197	0
STM4198	0
STM4199	0
STM4200	0
STM4201	0
STM4202	0
STM4203	0
STM4204	0
STM4205	0
STM4206	0
STM4207	0
STM4208	0
STM4209	0
STM4210	0
STM4211	0
STM4212	0
STM4213	0
STM4214	0
STM4215	0
STM4216	0
STM4217	0
STM4218	0
STM4219	0
STM4220	4652
STM4221	5755
STM4222	916
STM4223	1702
STM4224	1735
STM4225	6314
STM4226	1617
STM4227	2761
STM4228	4512
STM4229	4552
STM4230	3838
STM4231	4382
STM4232	3629
STM4233	1590
STM4234	2534
STM4235	8191
STM4236	1227
STM4237	2245
STM4238	4476
STM4239	2
STM4240	590
STM4241	1986
STM4242	4846
STM4243	3169
STM4244	1166
STM4245	3174
STM4246	4299
STM4247	3807
STM4248	4486
STM4249	2715
STM4250	1133
STM4251	643
STM4252	666
STM4253	1208
STM4254	9159
STM4255	0
STM4256	1987
STM4257	1764
STM4258	3698
STM4259	3466
STM4260	3538
STM4261	50060
STM4262	6375
STM4263	1506
STM4264	4726
STM4265	546
STM4266	1374
STM4267	2552
STM4268	4646
STM4269	5421
STM4270	3012
STM4271	992
STM4272	1627
STM4273	4607
STM4274	1057
STM4275	6552
STM4276	147
STM4277	4679
STM4278	1652
STM4279	1721
STM4280	2363
STM4281	5478
STM4282	1919
STM4283	4801
STM4284	2685
STM4285	7374
STM4286	3435
STM4287	1741
STM4288	1481
STM4289	1348
STM4290	5148
STM4291	3153
STM4292	1740
STM4293	4948
STM4294	4544
STM4295	2573
STM4296	7141
STM4297	3314
STM4298	4547
STM4299	4696
STM4300	5358
STM4301	4123
STM4302	1137
STM4303	2402
STM4304	5119
STM4305	7818
STM4306	1503
STM4307	1866
STM4308	1928
STM4309	4677
STM4310	2982
STM4311	2068
STM4312	786
STM4313	584
STM4314	472
STM4315	2604
STM4316	1041
STM4317	887
STM4318	1244
STM4319	2795
STM4320	0
STM4321	587
STM4322	1807
STM4323	4643
STM4324	907
STM4325	4352
STM4326	4912
STM4327	1736
STM4328	4054
STM4329	1004
STM4330	5259
STM4331	1263
STM4332	2940
STM4333	3238
STM4334	1395
STM4335	460
STM4336	472
STM4337	1784
STM4338	1229
STM4339	2007
STM4340	971
STM4341	791
STM4342	1773
STM4343	6437
STM4344	3507
STM4345	5019
STM4346	0
STM4347	10441
STM4348	2646
STM4349	3280
STM4350	1627
STM4351	2580
STM4352	991
STM4353	203
STM4354	516
STM4355	3028
STM4356	4138
STM4357	997
STM4358	3753
STM4359	5905
STM4360	3019
STM4361	851
STM4362	4052
STM4363	3837
STM4364	2917
STM4365	487
STM4366	4347
STM4367	1453
STM4368	7554
STM4369	2436
STM4370	1068
STM4371	1959
STM4372	173
STM4373	1704
STM4374	723
STM4375	1515
STM4376	3262
STM4377	5191
STM4378	1156
STM4379	1432
STM4380	2479
STM4381	2407
STM4382	3336
STM4383	4473
STM4384	533
STM4385	995
STM4386	1782
STM4387	2085
STM4388	2057
STM4389	0
STM4390	212
STM4391	1045
STM4392	503
STM4393	412
STM4394	1432
STM4395	2724
STM4396	2220
STM4397	2772
STM4398	4966
STM4399	2338
STM4400	3310
STM4401	2663
STM4402	1270
STM4403	6543
STM4404	2420
STM4405	1722
STM4406	1010
STM4407	4441
STM4408	2504
STM4409	5507
STM4410	11638
STM4411	914
STM4412	3377
STM4413	3770
STM4414	2001
STM4415	3631
STM4416	4481
STM4417	0
STM4418	0
STM4419	0
STM4420	0
STM4421	0
STM4422	0
STM4423	0
STM4424	0
STM4425	0
STM4426	0
STM4427	0
STM4428	130
STM4430	0
STM4429	0
STM4431	0
STM4432	0
STM4433	0
STM4434	0
STM4435	0
STM4436	0
STM4437	1977
STM4438	4307
STM4439	1409
STM4440	1062
STM4441	701
STM4442	564
STM4443	2062
STM4444	1711
STM4445	3203
STM4446	3165
STM4447	1884
STM4448	5932
STM4449	522
STM4450	374
STM4451	1359
STM4452	7150
STM4453	6252
STM4455	3601
STM4456	8915
STM4457	0
STM4458	1256
STM4459	1075
STM4460	2849
STM4461	0
STM4462	0
STM4463	1591
STM4464	4579
STM4465	3263
STM4466	3005
STM4467	3760
STM4468	1585
STM4469	3461
STM4470	1019
STM4471	2777
STM4472	1845
STM4473	1926
STM4474	3937
STM4475	9115
STM4476	1479
STM4477	4946
STM4478	414
STM4479	3417
STM4480	3486
STM4481	3201
STM4482	4043
STM4483	2175
STM4484	3320
STM4485	1697
STM4486	3403
STM4487	682
STM4488	1246
STM4489	10921
STM4490	3235
STM4491	6252
STM4492	7504
STM4493	1860
STM4494	2817
STM4495	6867
STM4496	10899
STM4497	1550
STM4498	1825
STM4499	2450
STM4500	5085
STM4501	984
STM4502	2246
STM4503	0
STM4504	3151
STM4505	1629
STM4506	2117
STM4507	2618
STM4508	3005
STM4509	2314
STM4510	2527
STM4511	2709
STM4512	3332
STM4513	1057
STM4514	2770
STM4515	3887
STM4516	4095
STM4517	4387
STM4518	2432
STM4519	4872
STM4520	151
STM4521	164
STM4522	2016
STM4523	780
STM4524	0
STM4525	0
STM4526	0
STM4527	0
STM4528	0
STM4529	0
STM4530	2932
STM4531	457
STM4532	7010
STM4533	6018
STM4534	9143
STM4535	1059
STM4536	1078
STM4537	2027
STM4538	2064
STM4539	2939
STM4540	3266
STM4541	7346
STM4542	2073
STM4543	2248
STM4544	1501
STM4545	1243
STM4546	2857
STM4547	2068
STM4548	1520
STM4549	1485
STM4550	3050
STM4551	3691
STM4552	785
STM4553	20
STM4554	18
STM4555	362
STM4556	3644
STM4557	973
STM4558	747
STM4559	1918
STM4560	5258
STM4561	2228
STM4562	635
STM4563	3076
STM4564	2002
STM4565	2406
STM4566	4422
STM4567	3045
STM4568	4312
STM4569	4188
STM4570	2771
STM4571	1634
STM4572	6906
STM4573	1858
STM4574	1982
STM4575	2249
STM4576	3352
STM4577	2068
STM4578	3397
STM4579	4567
STM4580	3854
STM4581	5600
STM4582	6326
STM4583	1367
STM4584	1851
STM4585	1775
STM4586	2635
STM4587	1519
STM4588	1803
STM4589	4327
STM4590	3858
STM4591	3236
STM4592	1381
STM4593	7482
STM4594	1987
STM4595	1910
STM4596	2509
STM4597	1408
STM4598	2484
STM4599	397
STM4600	2753
PSLT001	0
PSLT002	0
PSLT003	0
PSLT004	0
PSLT005	0
PSLT006	0
PSLT007	0
PSLT008	0
PSLT009	0
PSLT010	1834
PSLT011	0
PSLT012	0
PSLT013	0
PSLT014	0
PSLT015	0
PSLT016	0
PSLT017	0
PSLT018	0
PSLT019	0
PSLT020	0
PSLT021	0
PSLT022	0
PSLT023	0
PSLT024	0
PSLT025	0
PSLT026	0
PSLT027	78
PSLT028	109
PSLT029	0
PSLT030	0
PSLT031	446
PSLT032	0
PSLT033	0
PSLT034	0
PSLT035	36
PSLT036	0
PSLT037	0
PSLT038	0
PSLT039	12
PSLT040	0
PSLT041	0
PSLT042	75
PSLT043	0
PSLT044	0
PSLT045	0
PSLT046	0
PSLT047	0
PSLT048	0
PSLT049	0
PSLT050	0
PSLT051	0
PSLT052	0
PSLT053	0
PSLT054	0
PSLT055	0
PSLT056	0
PSLT057	0
PSLT058	345
PSLT059	30
PSLT060	0
PSLT061	0
PSLT062	514
PSLT063	0
PSLT064	0
PSLT065	4
PSLT066	0
PSLT067	0
PSLT068	916
PSLT069	0
PSLT070	0
PSLT071	0
PSLT072	0
PSLT073	0
PSLT074	0
PSLT075	0
PSLT076	0
PSLT077	0
PSLT078	0
PSLT079	0
PSLT080	0
PSLT081	0
PSLT082	0
PSLT083	0
PSLT084	0
PSLT085	0
PSLT087	0
PSLT088	0
PSLT089	0
PSLT091	0
PSLT092	0
PSLT093	0
PSLT094	0
PSLT095	0
PSLT096	0
PSLT097	0
PSLT098	0
PSLT099	0
PSLT100	0
PSLT101	0
PSLT102	0
PSLT103	0
PSLT104	0
PSLT105	0
PSLT106	0
PSLT107	0
PSLT108	2
PSLT109	0
PSLT110	0
PSLT111	0
